,date,close,high,low,open,volume,adjClose,adjHigh,adjLow,adjOpen,adjVolume,divCash,splitFactor
0,2019-03-12T00:00:00.000Z,38.0,38.0,38.0,38.0,10000,36.9182764255,36.9182764255,36.9182764255,36.9182764255,10000,0.0,1.0
1,2019-03-13T00:00:00.000Z,39.75,39.9,38.7,39.0,20477364,38.6184602082,38.7641902467,37.5983499386,37.8898100156,20477364,0.0,1.0
2,2019-03-14T00:00:00.000Z,40.65,41.4,39.75,39.75,6248563,39.4928404393,40.221490632,38.6184602082,38.6184602082,6248563,0.0,1.0
3,2019-03-15T00:00:00.000Z,41.7,41.87,41.24,41.38,7107258,40.512950709,40.6781114193,40.0660452575,40.2020599601,7107258,0.0,1.0
4,2019-03-18T00:00:00.000Z,41.7,41.95,41.05,41.95,4020900,40.512950709,40.7558341065,39.8814538754,40.7558341065,4020900,0.0,1.0
5,2019-03-19T00:00:00.000Z,40.34,41.7,39.84,41.55,10118500,39.1916650264,40.512950709,38.7058982313,40.3672206705,10118500,0.0,1.0
6,2019-03-20T00:00:00.000Z,38.62,40.81,38.24,40.49,15683200,37.5206272514,39.6482858138,37.1514444871,39.3373950649,15683200,0.0,1.0
7,2019-03-21T00:00:00.000Z,40.02,40.07,38.75,39.0,12751700,38.8807742776,38.9293509571,37.6469266181,37.8898100156,12751700,0.0,1.0
8,2019-03-22T00:00:00.000Z,38.72,39.99,37.69,39.93,10898000,37.6177806104,38.8516282698,36.6171010125,38.7933362544,10898000,0.0,1.0
9,2019-03-25T00:00:00.000Z,37.44,38.96,37.39,38.89,9338900,36.374217615,37.850948672,36.3256409355,37.7829413207,9338900,0.0,1.0
10,2019-03-26T00:00:00.000Z,37.54,38.28,37.51,37.65,6287100,36.471370974,37.1903058307,36.4422249663,36.5782396689,6287100,0.0,1.0
11,2019-03-27T00:00:00.000Z,36.92,37.91,36.76,37.52,5578100,35.8690201481,36.8308384023,35.7135747737,36.4519403022,5578100,0.0,1.0
12,2019-03-28T00:00:00.000Z,36.4,37.15,36.34,36.85,5326200,35.3638226812,36.0924728738,35.3055306658,35.8010127968,5326200,0.0,1.0
13,2019-03-29T00:00:00.000Z,36.71,36.91,36.15,36.55,5895300,35.6649980942,35.8593048122,35.1209392837,35.5095527198,5895300,0.0,1.0
14,2019-04-01T00:00:00.000Z,36.85,37.15,36.71,36.91,5311200,35.8010127968,36.0924728738,35.6649980942,35.8593048122,5311200,0.0,1.0
15,2019-04-02T00:00:00.000Z,36.28,37.18,35.9,36.96,6704600,35.2472386504,36.1216188815,34.8780558862,35.9078814917,6704600,0.0,1.0
16,2019-04-03T00:00:00.000Z,36.08,36.56,35.9,36.37,8393500,35.0529319324,35.5192680557,34.8780558862,35.3346766735,8393500,0.0,1.0
17,2019-04-04T00:00:00.000Z,36.76,36.8,36.01,36.2,4908400,35.7135747737,35.7524361173,34.9849245811,35.1695159632,4908400,0.0,1.0
18,2019-04-05T00:00:00.000Z,37.68,37.85,36.69,36.79,7344900,36.6073856766,36.7725463869,35.6455674224,35.7427207814,7344900,0.0,1.0
19,2019-04-08T00:00:00.000Z,37.47,37.68,37.265,37.6,3393300,36.4033636227,36.6073856766,36.2041992367,36.5296629894,3393300,0.0,1.0
20,2019-04-09T00:00:00.000Z,37.31,37.65,37.17,37.42,5725900,36.2479182483,36.5782396689,36.1119035456,36.3547869432,5725900,0.0,1.0
21,2019-04-10T00:00:00.000Z,36.48,37.53,36.36,37.33,4828400,35.4415453684,36.4616556381,35.3249613376,36.2673489201,4828400,0.0,1.0
22,2019-04-11T00:00:00.000Z,37.09,37.16,35.99,36.57,4791400,36.0341808584,36.1021882097,34.9654939093,35.5289833916,4791400,0.0,1.0
23,2019-04-12T00:00:00.000Z,37.53,37.62,36.47,37.15,6368500,36.4616556381,36.5490936612,35.4318300325,36.0924728738,6368500,0.0,1.0
24,2019-04-15T00:00:00.000Z,37.53,37.57,36.99,37.46,3927100,36.4616556381,36.5005169817,35.9370274994,36.3936482868,3927100,0.0,1.0
25,2019-04-16T00:00:00.000Z,37.75,37.85,37.47,37.67,5721982,36.6753930279,36.7725463869,36.4033636227,36.5976703407,5721982,0.0,1.0
26,2019-04-17T00:00:00.000Z,38.84,38.85,37.76,37.87,7603800,37.7343646412,37.7440799771,36.6851083638,36.7919770587,7603800,0.0,1.0
27,2019-04-18T00:00:00.000Z,38.44,39.0,38.43,38.91,4737400,37.3457512051,37.8898100156,37.3360358692,37.8023719925,4737400,0.0,1.0
28,2019-04-22T00:00:00.000Z,37.7,38.44,37.62,38.36,7675300,36.6268163484,37.3457512051,36.5490936612,37.2680285179,7675300,0.0,1.0
29,2019-04-23T00:00:00.000Z,38.08,38.39,37.63,37.79,6096400,36.9959991127,37.2971745256,36.5588089971,36.7142543715,6096400,0.0,1.0
30,2019-04-24T00:00:00.000Z,37.96,38.31,37.805,37.95,5323500,36.8794150819,37.2194518384,36.7288273754,36.869699746,5323500,0.0,1.0
31,2019-04-25T00:00:00.000Z,38.15,38.2,37.54,37.98,5309700,37.064006464,37.1125831435,36.471370974,36.8988457537,5309700,0.0,1.0
32,2019-04-26T00:00:00.000Z,38.48,38.53,37.9,38.08,5297417,37.3846125487,37.4331892282,36.8211230664,36.9959991127,5297417,0.0,1.0
33,2019-04-29T00:00:00.000Z,39.2,39.525,38.31,38.54,6885200,38.0841167336,38.3998651504,37.2194518384,37.4429045641,6885200,0.0,1.0
34,2019-04-30T00:00:00.000Z,38.99,39.33,38.47,39.19,5044400,37.8800946797,38.2104161004,37.3748972128,38.0744013977,5044400,0.0,1.0
35,2019-05-01T00:00:00.000Z,39.4,39.49,38.66,39.12,5149800,38.2784234517,38.3658614748,37.559488595,38.0063940464,5149800,0.0,1.0
36,2019-05-02T00:00:00.000Z,37.28,39.47,37.08,39.23,11495900,36.2187722406,38.346430803,36.0244655225,38.1132627413,11495900,0.0,1.0
37,2019-05-03T00:00:00.000Z,37.47,37.75,37.12,37.41,4809800,36.4033636227,36.6753930279,36.0633268661,36.3450716073,4809800,0.0,1.0
38,2019-05-06T00:00:00.000Z,37.92,37.99,36.96,37.17,4801300,36.8405537383,36.9085610896,35.9078814917,36.1119035456,4801300,0.0,1.0
39,2019-05-07T00:00:00.000Z,37.26,37.81,37.12,37.58,6053300,36.1993415688,36.7336850433,36.0633268661,36.5102323176,6053300,0.0,1.0
40,2019-05-08T00:00:00.000Z,37.42,37.7,36.855,37.34,8635300,36.3547869432,36.6268163484,35.8058704647,36.277064256,8635300,0.0,1.0
41,2019-05-09T00:00:00.000Z,38.5,39.25,37.51,38.5,15210200,37.4040432205,38.1326934131,36.4422249663,37.4040432205,15210200,0.0,1.0
42,2019-05-10T00:00:00.000Z,38.53,38.75,37.44,38.64,6742500,37.4331892282,37.6469266181,36.374217615,37.5400579232,6742500,0.0,1.0
43,2019-05-13T00:00:00.000Z,37.97,38.68,37.73,37.77,5604000,36.8891304178,37.5789192668,36.6559623561,36.6948236997,5604000,0.0,1.0
44,2019-05-14T00:00:00.000Z,37.89,38.52,37.872,38.05,6198600,36.8114077305,37.4234738923,36.7939201259,36.966853105,6198600,0.0,1.0
45,2019-05-15T00:00:00.000Z,37.71,37.97,37.57,37.7,2975400,36.6365316843,36.8891304178,36.5005169817,36.6268163484,2975400,0.0,1.0
46,2019-05-16T00:00:00.000Z,36.74,38.08,36.7,37.91,8704900,35.6941441019,36.9959991127,35.6552827583,36.8308384023,8704900,0.0,1.0
47,2019-05-17T00:00:00.000Z,37.32,37.59,36.55,36.56,5508000,36.4810863099,36.7450169986,35.7283950865,35.7381702972,5508000,0.23,1.0
48,2019-05-20T00:00:00.000Z,37.14,37.64,37.0,37.18,3670000,36.3051325174,36.7938930521,36.1682795677,36.3442333602,3670000,0.0,1.0
49,2019-05-21T00:00:00.000Z,37.69,38.0,37.1,37.26,4668600,36.8427691056,37.1458006371,36.2660316746,36.4224350457,4668600,0.0,1.0
50,2019-05-22T00:00:00.000Z,37.12,37.76,37.055,37.66,3431200,36.285582096,36.9111955804,36.2220432265,36.8134434735,3431200,0.0,1.0
51,2019-05-23T00:00:00.000Z,36.91,37.08,36.63,36.82,4431900,36.0803026714,36.2464812532,35.806596772,35.9923257752,4431900,0.0,1.0
52,2019-05-24T00:00:00.000Z,36.92,37.205,36.85,37.05,2879000,36.0900778821,36.3686713869,36.0216514073,36.2171556212,2879000,0.0,1.0
53,2019-05-28T00:00:00.000Z,36.64,37.34,36.505,36.97,4380400,35.8163719827,36.5006367313,35.6844066383,36.1389539356,4380400,0.0,1.0
54,2019-05-29T00:00:00.000Z,35.79,36.65,35.79,36.5,3691300,34.9854790737,35.8261471934,34.9854790737,35.679519033,3691300,0.0,1.0
55,2019-05-30T00:00:00.000Z,35.22,36.155,35.15,35.88,4730400,34.4282920642,35.342274264,34.3598655893,35.07345597,4730400,0.0,1.0
56,2019-05-31T00:00:00.000Z,35.23,35.27,34.7,34.97,6706100,34.4380672749,34.4771681176,33.9199811081,34.1839117968,6706100,0.0,1.0
57,2019-06-03T00:00:00.000Z,34.24,35.3,33.78,35.05,7499800,33.4703214162,34.5064937497,33.0206617242,34.2621134824,7499800,0.0,1.0
58,2019-06-04T00:00:00.000Z,34.48,35.25,34.15,34.52,8058934,33.7049264728,34.4576176962,33.3823445199,33.7440273156,8058934,0.0,1.0
59,2019-06-05T00:00:00.000Z,34.36,34.98,34.28,34.62,6240600,33.5876239445,34.1936870075,33.5094222589,33.8417794225,6240600,0.0,1.0
60,2019-06-06T00:00:00.000Z,34.12,34.66,33.98,34.66,5288300,33.3530188878,33.8808802653,33.2161659381,33.8808802653,5288300,0.0,1.0
61,2019-06-07T00:00:00.000Z,34.01,34.44,34.0,34.18,4226794,33.2454915702,33.66582563,33.2357163595,33.411670152,4226794,0.0,1.0
62,2019-06-10T00:00:00.000Z,34.03,34.4,33.9,34.05,5620499,33.2650419916,33.6267247873,33.1379642526,33.284592413,5620499,0.0,1.0
63,2019-06-11T00:00:00.000Z,34.18,34.41,34.01,34.23,3166900,33.411670152,33.636499998,33.2454915702,33.4605462055,3166900,0.0,1.0
64,2019-06-12T00:00:00.000Z,35.05,35.1,34.16,34.2,4426800,34.2621134824,34.3109895358,33.3921197306,33.4312205734,4426800,0.0,1.0
65,2019-06-13T00:00:00.000Z,35.29,35.5,34.963,35.17,4384800,34.496718539,34.7019979636,34.1770691493,34.3794160107,4384800,0.0,1.0
66,2019-06-14T00:00:00.000Z,35.24,35.5,34.93,35.24,4362200,34.4478424856,34.7019979636,34.144810954,34.4478424856,4362200,0.0,1.0
67,2019-06-17T00:00:00.000Z,36.13,36.325,35.34,35.42,7195400,35.3178362373,35.5084528458,34.5455945925,34.623796278,7195400,0.0,1.0
68,2019-06-18T00:00:00.000Z,36.19,37.05,36.08,36.45,4921200,35.3764875015,36.2171556212,35.2689601838,35.6306429795,4921200,0.0,1.0
69,2019-06-19T00:00:00.000Z,35.99,36.42,35.6775,36.26,4790143,35.1809832876,35.6013173474,34.8755079534,35.4449139763,4790143,0.0,1.0
70,2019-06-20T00:00:00.000Z,35.58,36.475,35.56,36.38,5916524,34.7801996491,35.6550810063,34.7606492278,35.5622165047,5916524,0.0,1.0
71,2019-06-21T00:00:00.000Z,36.18,37.295,35.31,35.61,11402200,35.3667122908,36.4566482832,34.5162689604,34.8095252812,11402200,0.0,1.0
72,2019-06-24T00:00:00.000Z,35.8,36.07,35.605,36.01,5280100,34.9952542844,35.2591849732,34.8046376759,35.200533709,5280100,0.0,1.0
73,2019-06-25T00:00:00.000Z,35.34,35.86,35.14,35.78,7204300,34.5455945925,35.0539055486,34.3500903786,34.975703863,7204300,0.0,1.0
74,2019-06-26T00:00:00.000Z,35.47,36.1,35.33,35.79,4297300,34.6726723315,35.2885106052,34.5358193818,34.9854790737,4297300,0.0,1.0
75,2019-06-27T00:00:00.000Z,35.99,36.33,35.2,35.53,5083900,35.1809832876,35.5133404512,34.4087416428,34.7313235957,5083900,0.0,1.0
76,2019-06-28T00:00:00.000Z,36.64,36.76,35.81,35.98,10930000,35.8163719827,35.933674511,35.0050294951,35.1712080769,10930000,0.0,1.0
77,2019-07-01T00:00:00.000Z,35.92,36.99,35.74,36.46,6407200,35.1125568127,36.158504357,34.9366030203,35.6404181902,6407200,0.0,1.0
78,2019-07-02T00:00:00.000Z,36.59,36.62,35.92,36.01,3599500,35.7674959292,35.7968215613,35.1125568127,35.200533709,3599500,0.0,1.0
79,2019-07-03T00:00:00.000Z,36.35,36.82,36.27,36.6,3160300,35.5328908726,35.9923257752,35.454689187,35.7772711399,3160300,0.0,1.0
80,2019-07-05T00:00:00.000Z,36.6,36.8,36.075,36.24,1982000,35.7772711399,35.9727753538,35.2640725785,35.4253635549,1982000,0.0,1.0
81,2019-07-08T00:00:00.000Z,36.13,36.675,36.08,36.53,1644600,35.3178362373,35.8505852201,35.2689601838,35.7088446651,1644600,0.0,1.0
82,2019-07-09T00:00:00.000Z,36.02,36.27,35.82,36.03,2379600,35.2103089197,35.454689187,35.0148047058,35.2200841304,2379600,0.0,1.0
83,2019-07-10T00:00:00.000Z,36.14,36.43,36.075,36.19,2400700,35.327611448,35.6110925581,35.2640725785,35.3764875015,2400700,0.0,1.0
84,2019-07-11T00:00:00.000Z,36.29,36.35,35.85,36.17,2987000,35.4742396084,35.5328908726,35.0441303379,35.3569370801,2987000,0.0,1.0
85,2019-07-12T00:00:00.000Z,36.96,37.04,36.1,36.46,2755700,36.1291787249,36.2073804105,35.2885106052,35.6404181902,2755700,0.0,1.0
86,2019-07-15T00:00:00.000Z,37.01,37.16,36.64,37.03,2861600,36.1780547784,36.3246829388,35.8163719827,36.1976051998,2861600,0.0,1.0
87,2019-07-16T00:00:00.000Z,36.69,37.11,36.63,36.93,2721500,35.8652480362,36.2758068853,35.806596772,36.0998530928,2721500,0.0,1.0
88,2019-07-17T00:00:00.000Z,36.17,36.76,36.11,36.73,5740500,35.3569370801,35.933674511,35.2982858159,35.904348879,5740500,0.0,1.0
89,2019-07-18T00:00:00.000Z,36.55,36.72,35.96,36.17,5313800,35.7283950865,35.8945736683,35.1516576555,35.3569370801,5313800,0.0,1.0
90,2019-07-19T00:00:00.000Z,36.43,36.74,36.14,36.7,4402000,35.6110925581,35.9141240896,35.327611448,35.8750232469,4402000,0.0,1.0
91,2019-07-22T00:00:00.000Z,36.1,36.61,36.06,36.51,7865700,35.2885106052,35.7870463506,35.2494097625,35.6892942437,7865700,0.0,1.0
92,2019-07-23T00:00:00.000Z,36.22,36.39,35.84,36.19,5573600,35.4058131336,35.5719917154,35.0343551272,35.3764875015,5573600,0.0,1.0
93,2019-07-24T00:00:00.000Z,36.6,36.86,36.13,36.13,5980600,35.7772711399,36.031426618,35.3178362373,35.3178362373,5980600,0.0,1.0
94,2019-07-25T00:00:00.000Z,37.17,37.34,36.63,36.63,3251600,36.3344581495,36.5006367313,35.806596772,35.806596772,3251600,0.0,1.0
95,2019-07-26T00:00:00.000Z,37.21,37.8,37.08,37.29,2669100,36.3735589923,36.9502964232,36.2464812532,36.4517606778,2669100,0.0,1.0
96,2019-07-29T00:00:00.000Z,37.51,37.57,37.07,37.16,2130600,36.6668153131,36.7254665772,36.2367060425,36.3246829388,2130600,0.0,1.0
97,2019-07-30T00:00:00.000Z,37.82,37.98,37.32,37.35,2971800,36.9698468446,37.1262502157,36.4810863099,36.510411942,2971800,0.0,1.0
98,2019-07-31T00:00:00.000Z,37.32,37.692,36.81,37.67,5280600,36.4810863099,36.8447241477,35.9825505645,36.8232186842,5280600,0.0,1.0
99,2019-08-01T00:00:00.000Z,36.89,37.49,36.725,37.25,3280700,36.0607522501,36.6472648917,35.8994612736,36.412659835,3280700,0.0,1.0
100,2019-08-02T00:00:00.000Z,36.63,36.96,36.33,36.73,2419000,35.806596772,36.1291787249,35.5133404512,35.904348879,2419000,0.0,1.0
101,2019-08-05T00:00:00.000Z,36.05,36.56,35.77,36.47,4517200,35.2396345518,35.7381702972,34.9659286523,35.6501934009,4517200,0.0,1.0
102,2019-08-06T00:00:00.000Z,36.45,36.6,35.93,36.16,3366700,35.6306429795,35.7772711399,35.1223320234,35.3471618694,3366700,0.0,1.0
103,2019-08-07T00:00:00.000Z,37.04,37.15,35.8,35.89,4657400,36.2073804105,36.3149077281,34.9952542844,35.0832311807,4657400,0.0,1.0
104,2019-08-08T00:00:00.000Z,35.13,37.25,35.0,37.22,9539900,34.3403151679,36.412659835,34.2132374289,36.383334203,9539900,0.0,1.0
105,2019-08-09T00:00:00.000Z,35.4,35.65,34.98,35.11,4234400,34.6042458567,34.848626124,34.1936870075,34.3207647465,4234400,0.0,1.0
106,2019-08-12T00:00:00.000Z,34.95,35.32,34.7,35.04,4172900,34.1643613754,34.5260441711,33.9199811081,34.2523382717,4172900,0.0,1.0
107,2019-08-13T00:00:00.000Z,35.06,35.59,34.8,34.84,2940800,34.2718886931,34.7899748598,34.017733215,34.0568340578,2940800,0.0,1.0
108,2019-08-14T00:00:00.000Z,33.69,34.75,33.38,34.7,7489800,32.932684828,33.9688571615,32.6296532965,33.9199811081,7489800,0.0,1.0
109,2019-08-15T00:00:00.000Z,32.75,34.09,32.725,33.88,7037700,32.0138150228,33.3236932557,31.989376996,33.1184138312,7037700,0.0,1.0
110,2019-08-16T00:00:00.000Z,32.99,33.3,32.67,33.0,3256831,32.2484200794,32.5514516109,31.9356133372,32.2581952901,3256831,0.0,1.0
111,2019-08-19T00:00:00.000Z,33.87,34.025,33.29,33.32,3915100,33.1086386205,33.2601543862,32.5416764002,32.5710020323,3915100,0.0,1.0
112,2019-08-20T00:00:00.000Z,33.59,34.05,33.52,33.83,2810700,32.834932721,33.284592413,32.7665062462,33.0695377777,2810700,0.0,1.0
113,2019-08-21T00:00:00.000Z,33.41,33.725,33.01,33.64,3050400,32.6589789286,32.9668980654,32.2679705008,32.8838087745,3050400,0.0,1.0
114,2019-08-22T00:00:00.000Z,33.05,33.54,32.95,33.38,3725400,32.3070713436,32.7860566676,32.2093192366,32.6296532965,3725400,0.0,1.0
115,2019-08-23T00:00:00.000Z,31.75,33.085,31.63,32.93,3866200,31.0362939534,32.341284581,30.918991425,32.1897688152,3866200,0.0,1.0
116,2019-08-26T00:00:00.000Z,32.08,32.14,31.58,31.84,3235600,31.3588759063,31.4175271704,30.8701153716,31.1242708496,3235600,0.0,1.0
117,2019-08-27T00:00:00.000Z,31.93,32.38,31.92,32.22,3449400,31.2122477458,31.6521322271,31.2024725352,31.495728856,3449400,0.0,1.0
118,2019-08-28T00:00:00.000Z,31.79,32.28,31.62,32.05,3567200,31.0753947961,31.5543801201,30.9092162143,31.3295502742,3567200,0.0,1.0
119,2019-08-29T00:00:00.000Z,32.74,33.125,31.88,32.0,3687100,32.0040398121,32.3803854238,31.1633716924,31.2806742207,3687100,0.0,1.0
120,2019-08-30T00:00:00.000Z,33.17,33.72,32.79,33.72,2924600,32.4243738719,32.9620104601,32.0529158655,32.9620104601,2924600,0.0,1.0
121,2019-09-03T00:00:00.000Z,32.77,33.11,32.54,32.66,2090800,32.2581952901,32.5928851405,32.0317874501,32.1499132797,2090800,0.23,1.0
122,2019-09-04T00:00:00.000Z,33.56,33.61,32.9,32.99,2280900,33.0358570014,33.0850760971,32.3861649388,32.474759311,2280900,0.0,1.0
123,2019-09-05T00:00:00.000Z,34.25,34.405,33.56,33.64,3946900,33.7150805214,33.8676597179,33.0358570014,33.1146075544,3946900,0.0,1.0
124,2019-09-06T00:00:00.000Z,34.23,34.74,34.06,34.32,2514600,33.6953928831,34.1974276588,33.5280479579,33.7839872553,2514600,0.0,1.0
125,2019-09-09T00:00:00.000Z,34.3,34.34,33.39,33.39,2659800,33.764299617,33.8036748936,32.8685120762,32.8685120762,2659800,0.0,1.0
126,2019-09-10T00:00:00.000Z,34.3,34.72,33.85,33.85,3198100,33.764299617,34.1777400205,33.3213277562,33.3213277562,3198100,0.0,1.0
127,2019-09-11T00:00:00.000Z,34.0,34.43,33.8,34.28,3287100,33.4689850431,33.8922692657,33.2721086605,33.7446119788,3287100,0.0,1.0
128,2019-09-12T00:00:00.000Z,33.79,34.19,33.67,34.19,4290500,33.2622648414,33.6560176066,33.1441390118,33.6560176066,4290500,0.0,1.0
129,2019-09-13T00:00:00.000Z,33.83,34.21,33.51,33.96,4606100,33.3016401179,33.6757052449,32.9866379057,33.4296097666,4606100,0.0,1.0
130,2019-09-16T00:00:00.000Z,33.6,33.83,33.47,33.68,2175600,33.0752322779,33.3016401179,32.9472626292,33.153982831,2175600,0.0,1.0
131,2019-09-17T00:00:00.000Z,32.86,33.59,32.79,33.59,6701300,32.3467896623,33.0653884588,32.2778829284,33.0653884588,6701300,0.0,1.0
132,2019-09-18T00:00:00.000Z,32.64,32.96,32.13,32.88,5590600,32.1302256414,32.4452278536,31.6281908658,32.3664773005,5590600,0.0,1.0
133,2019-09-19T00:00:00.000Z,32.04,32.78,31.96,32.48,4889000,31.5395964936,32.2680391092,31.4608459405,31.9727245353,4889000,0.0,1.0
134,2019-09-20T00:00:00.000Z,32.27,32.425,31.72,31.99,8111700,31.7660043336,31.9185835301,31.2245942814,31.4903773979,8111700,0.0,1.0
135,2019-09-23T00:00:00.000Z,32.27,32.49,31.995,32.37,3485400,31.7660043336,31.9825683545,31.4952993075,31.8644425249,3485400,0.0,1.0
136,2019-09-24T00:00:00.000Z,31.59,32.445,31.475,32.28,5844900,31.0966246327,31.9382711684,30.9834207127,31.7758481527,5844900,0.0,1.0
137,2019-09-25T00:00:00.000Z,32.01,32.18,31.56,31.61,4376500,31.5100650362,31.6774099614,31.0670931753,31.116312271,4376500,0.0,1.0
138,2019-09-26T00:00:00.000Z,31.45,32.19,31.39,32.18,5960000,30.9588111649,31.6872537805,30.8997482501,31.6774099614,5960000,0.0,1.0
139,2019-09-27T00:00:00.000Z,31.44,31.72,31.15,31.65,4252800,30.9489673458,31.2245942814,30.663496591,31.1556875475,4252800,0.0,1.0
140,2019-09-30T00:00:00.000Z,31.535,31.87,31.35,31.63,3152800,31.0424836275,31.3722515684,30.8603729736,31.1359999092,3152800,0.0,1.0
141,2019-10-01T00:00:00.000Z,31.24,32.07,31.2,31.73,2703400,30.7520909632,31.569127951,30.7127156866,31.2344381005,2703400,0.0,1.0
142,2019-10-02T00:00:00.000Z,30.42,31.29,30.365,31.17,4879800,29.9448977945,30.8013100588,29.8907567893,30.6831842292,4879800,0.0,1.0
143,2019-10-03T00:00:00.000Z,30.46,30.55,29.705,30.34,7168800,29.984273071,30.0728674432,29.2410647267,29.8661472414,7168800,0.0,1.0
144,2019-10-04T00:00:00.000Z,30.57,30.81,30.37,30.6,2858300,30.0925550814,30.3288067406,29.8956786988,30.1220865388,2858300,0.0,1.0
145,2019-10-07T00:00:00.000Z,30.6,31.14,30.58,30.75,4854600,30.1220865388,30.6536527719,30.1023989006,30.2697438258,4854600,0.0,1.0
146,2019-10-08T00:00:00.000Z,30.055,30.28,29.695,30.27,3829600,29.5855983962,29.8070843266,29.2312209075,29.7972405075,3829600,0.0,1.0
147,2019-10-09T00:00:00.000Z,30.23,30.45,29.96,30.36,3537100,29.757865231,29.9744292519,29.4920821145,29.8858348797,3537100,0.0,1.0
148,2019-10-10T00:00:00.000Z,30.52,30.55,30.05,30.24,3493600,30.0433359858,30.0728674432,29.5806764867,29.7677090501,3493600,0.0,1.0
149,2019-10-11T00:00:00.000Z,31.46,31.755,30.76,30.99,4444200,30.968654984,31.2590476484,30.2795876449,30.5059954849,4444200,0.0,1.0
150,2019-10-14T00:00:00.000Z,31.39,31.43,31.04,31.27,2998500,30.8997482501,30.9391235266,30.5552145806,30.7816224206,2998500,0.0,1.0
151,2019-10-15T00:00:00.000Z,31.7,31.805,31.15,31.33,3758800,31.2049066432,31.308266744,30.663496591,30.8406853353,3758800,0.0,1.0
152,2019-10-16T00:00:00.000Z,31.99,32.01,31.545,31.61,4383300,31.4903773979,31.5100650362,31.0523274466,31.116312271,4383300,0.0,1.0
153,2019-10-17T00:00:00.000Z,31.98,32.14,31.54,32.1,9068100,31.4805335788,31.6380346849,31.0474055371,31.5986594084,9068100,0.0,1.0
154,2019-10-18T00:00:00.000Z,32.21,32.57,31.96,32.04,8890300,31.7069414188,32.0613189075,31.4608459405,31.5395964936,8890300,0.0,1.0
155,2019-10-21T00:00:00.000Z,32.74,32.81,32.2,32.36,5158700,32.2286638327,32.2975705666,31.6970975997,31.8545987058,5158700,0.0,1.0
156,2019-10-22T00:00:00.000Z,33.45,33.565,32.55,32.73,5518000,32.927574991,33.040778911,32.0416312692,32.2188200136,5518000,0.0,1.0
157,2019-10-23T00:00:00.000Z,33.24,33.67,33.15,33.33,7061400,32.7208547892,33.1441390118,32.6322604171,32.8094491614,7061400,0.0,1.0
158,2019-10-24T00:00:00.000Z,32.3,33.39,31.79,33.18,9056900,31.795535791,32.8685120762,31.2935010153,32.6617918744,9056900,0.0,1.0
159,2019-10-25T00:00:00.000Z,32.41,32.775,32.32,32.39,5446800,31.9038178014,32.2631171997,31.8152234292,31.8841301631,5446800,0.0,1.0
160,2019-10-28T00:00:00.000Z,32.99,33.41,32.41,32.54,8672300,32.474759311,32.8881997144,31.9038178014,32.0317874501,8672300,0.0,1.0
161,2019-10-29T00:00:00.000Z,32.84,33.04,32.55,32.82,3507400,32.327102024,32.5239784066,32.0416312692,32.3074143858,3507400,0.0,1.0
162,2019-10-30T00:00:00.000Z,32.08,32.85,32.0,32.66,4342900,31.5789717701,32.3369458431,31.5002212171,32.1499132797,4342900,0.0,1.0
163,2019-10-31T00:00:00.000Z,32.04,32.08,31.67,32.0,5058400,31.5395964936,31.5789717701,31.1753751858,31.5002212171,5058400,0.0,1.0
164,2019-11-01T00:00:00.000Z,32.39,32.54,31.96,32.17,3809000,31.8841301631,32.0317874501,31.4608459405,31.6675661423,3809000,0.0,1.0
165,2019-11-04T00:00:00.000Z,32.55,32.6,32.29,32.5,2593900,32.0416312692,32.0908503649,31.7856919718,31.9924121736,2593900,0.0,1.0
166,2019-11-05T00:00:00.000Z,32.835,33.08,32.525,32.58,3198300,32.3221801144,32.5633536831,32.0170217214,32.0711627266,3198300,0.0,1.0
167,2019-11-06T00:00:00.000Z,33.1,33.18,32.3,32.84,5636000,32.5830413214,32.6617918744,31.795535791,32.327102024,5636000,0.0,1.0
168,2019-11-07T00:00:00.000Z,34.94,34.97,33.37,33.95,7987600,34.3943040414,34.4238354988,32.8488244379,33.4197659475,7987600,0.0,1.0
169,2019-11-08T00:00:00.000Z,35.14,35.23,34.59,35.0,4979800,34.591180424,34.6797747962,34.0497703718,34.4533669562,4979800,0.0,1.0
170,2019-11-11T00:00:00.000Z,34.99,35.07,34.59,34.95,3279900,34.443523137,34.5222736901,34.0497703718,34.4041478605,3279900,0.0,1.0
171,2019-11-12T00:00:00.000Z,34.485,35.105,34.45,35.07,3906100,33.946410271,34.556727057,33.911956904,34.5222736901,3906100,0.0,1.0
172,2019-11-13T00:00:00.000Z,34.26,34.72,34.19,34.37,4313900,33.7249243405,34.1777400205,33.6560176066,33.833206351,4313900,0.0,1.0
173,2019-11-14T00:00:00.000Z,34.22,34.51,33.99,34.14,4022400,33.685549064,33.9710198188,33.459141224,33.606798511,4022400,0.0,1.0
174,2019-11-15T00:00:00.000Z,34.27,34.68,33.93,34.39,4475200,33.7347681597,34.138364744,33.4000783092,33.8528939892,4475200,0.0,1.0
175,2019-11-18T00:00:00.000Z,35.19,35.25,34.21,34.31,5690300,34.6403995196,34.6994624344,33.6757052449,33.7741434362,5690300,0.0,1.0
176,2019-11-19T00:00:00.000Z,36.26,36.325,35.22,35.22,5873500,35.6936881666,35.7576729909,34.669930977,34.669930977,5873500,0.0,1.0
177,2019-11-20T00:00:00.000Z,35.89,36.41,35.66,35.66,4320300,35.3294668588,35.8413454535,35.1030590188,35.1030590188,4320300,0.0,1.0
178,2019-11-21T00:00:00.000Z,35.7,36.35,35.56,35.93,2861500,35.1424342953,35.7822825388,35.0046208275,35.3688421353,2861500,0.0,1.0
179,2019-11-22T00:00:00.000Z,35.66,36.04,35.505,35.77,4408100,35.1030590188,35.4771241457,34.9504798222,35.2113410292,4408100,0.0,1.0
180,2019-11-25T00:00:00.000Z,35.68,35.86,35.35,35.7,4900400,35.122746657,35.2999354014,34.7979006257,35.1424342953,4900400,0.0,1.0
181,2019-11-26T00:00:00.000Z,35.93,36.095,35.55,35.67,3086300,35.3688421353,35.5312651509,34.9947770083,35.1129028379,3086300,0.0,1.0
182,2019-11-27T00:00:00.000Z,35.78,36.19,35.675,36.06,2455900,35.2211848483,35.6247814327,35.1178247475,35.496811784,2455900,0.0,1.0
183,2019-11-29T00:00:00.000Z,35.76,36.0,35.37,35.81,1704900,35.2014972101,35.4377488692,34.817588264,35.2507163057,1704900,0.0,1.0
184,2019-12-02T00:00:00.000Z,35.6,36.02,35.55,35.75,2564800,35.043996104,35.4574365075,34.9947770083,35.1916533909,2564800,0.0,1.0
185,2019-12-03T00:00:00.000Z,35.19,35.525,34.71,35.41,4190500,34.6403995196,34.9701674605,34.1678962014,34.8569635405,4190500,0.0,1.0
186,2019-12-04T00:00:00.000Z,35.5,35.69,34.99,35.53,3768400,34.9455579127,35.1325904762,34.443523137,34.9750893701,3768400,0.0,1.0
187,2019-12-05T00:00:00.000Z,35.5,35.77,35.23,35.65,2921800,34.9455579127,35.2113410292,34.6797747962,35.0932151996,2921800,0.0,1.0
188,2019-12-06T00:00:00.000Z,35.42,35.91,35.35,35.71,1733500,34.8668073596,35.349154497,34.7979006257,35.1522781144,1733500,0.0,1.0
189,2019-12-09T00:00:00.000Z,35.62,36.015,35.35,35.5,2849100,35.0636837422,35.4525145979,34.7979006257,34.9455579127,2849100,0.0,1.0
190,2019-12-10T00:00:00.000Z,35.81,36.01,35.24,35.51,5996800,35.2507163057,35.4475926883,34.6896186153,34.9554017318,5996800,0.0,1.0
191,2019-12-11T00:00:00.000Z,36.16,36.595,35.75,35.75,5668700,35.5952499753,36.0234561075,35.1916533909,35.1916533909,5668700,0.0,1.0
192,2019-12-12T00:00:00.000Z,36.85,36.94,36.109,36.32,5796400,36.2744734953,36.3630678675,35.5450464977,35.7527510814,5796400,0.0,1.0
193,2019-12-13T00:00:00.000Z,36.77,36.99,36.505,36.73,5970900,36.1957229422,36.4122869631,35.9348617353,36.1563476657,5970900,0.0,1.0
194,2019-12-16T00:00:00.000Z,36.81,37.16,36.702,36.95,4273000,36.2350982188,36.5796318883,36.1287849721,36.3729116866,4273000,0.0,1.0
195,2019-12-17T00:00:00.000Z,37.16,37.26,36.435,36.71,4143100,36.5796318883,36.6780700796,35.8659550014,36.1366600275,4143100,0.0,1.0
196,2019-12-18T00:00:00.000Z,36.93,37.33,36.89,37.19,3392500,36.3532240483,36.7469768135,36.3138487718,36.6091633457,3392500,0.0,1.0
197,2019-12-19T00:00:00.000Z,37.0,37.17,36.76,36.76,2629300,36.4221307822,36.5894757074,36.1858791231,36.1858791231,2629300,0.0,1.0
198,2019-12-20T00:00:00.000Z,37.17,37.29,36.72,37.29,6211700,36.5894757074,36.707601537,36.1465038466,36.707601537,6211700,0.0,1.0
199,2019-12-23T00:00:00.000Z,37.455,37.625,37.04,37.17,3712100,36.8700245527,37.0373694779,36.4615060588,36.5894757074,3712100,0.0,1.0
200,2019-12-24T00:00:00.000Z,37.3,37.6,37.25,37.44,1940700,36.7174453561,37.0127599301,36.6682262605,36.855258824,1940700,0.0,1.0
201,2019-12-26T00:00:00.000Z,37.57,37.67,37.26,37.26,3699200,36.9832284727,37.081666664,36.6780700796,36.6780700796,3699200,0.0,1.0
202,2019-12-27T00:00:00.000Z,37.41,37.72,37.215,37.65,1969000,36.8257273666,37.1308857596,36.6337728935,37.0619790257,1969000,0.0,1.0
203,2019-12-30T00:00:00.000Z,37.08,37.56,36.99,37.42,3039600,36.5008813353,36.9733846535,36.4122869631,36.8355711857,3039600,0.0,1.0
204,2019-12-31T00:00:00.000Z,37.07,37.175,36.76,36.94,2315400,36.4910375161,36.594397617,36.1858791231,36.3630678675,2315400,0.0,1.0
205,2020-01-02T00:00:00.000Z,37.07,37.47,36.575,37.41,4500700,36.4910375161,36.8847902814,36.0037684692,36.8257273666,4500700,0.0,1.0
206,2020-01-03T00:00:00.000Z,36.665,36.98,36.62,36.69,4035800,36.0923628414,36.402443144,36.0480656553,36.1169723892,4035800,0.0,1.0
207,2020-01-06T00:00:00.000Z,36.57,36.765,36.36,36.66,2433100,35.9988465596,36.1908010327,35.7921263579,36.0874409318,2433100,0.0,1.0
208,2020-01-07T00:00:00.000Z,37.07,37.225,36.4,36.56,3254000,36.4910375161,36.6436167127,35.8315016344,35.9890027405,3254000,0.0,1.0
209,2020-01-08T00:00:00.000Z,37.11,37.51,37.04,37.13,3709700,36.5304127927,36.9241655579,36.4615060588,36.5501004309,3709700,0.0,1.0
210,2020-01-09T00:00:00.000Z,37.18,37.365,36.815,37.18,3621900,36.5993195266,36.7814301805,36.2400201283,36.5993195266,3621900,0.0,1.0
211,2020-01-10T00:00:00.000Z,36.72,37.24,36.64,37.12,2664000,36.1465038466,36.6583824414,36.0677532935,36.5402566118,2664000,0.0,1.0
212,2020-01-13T00:00:00.000Z,36.99,37.15,36.47,36.72,2674400,36.4122869631,36.5697880692,35.9004083683,36.1465038466,2674400,0.0,1.0
213,2020-01-14T00:00:00.000Z,37.26,37.51,36.76,36.79,4530900,36.6780700796,36.9241655579,36.1858791231,36.2154105805,4530900,0.0,1.0
214,2020-01-15T00:00:00.000Z,37.48,37.6,37.17,37.36,6165200,36.8946341005,37.0127599301,36.5894757074,36.7765082709,6165200,0.0,1.0
215,2020-01-16T00:00:00.000Z,39.11,39.14,37.62,37.71,7362800,38.4991766187,38.5287080761,37.0324475683,37.1210419405,7362800,0.0,1.0
216,2020-01-17T00:00:00.000Z,39.34,39.735,39.16,39.28,4785900,38.7255844587,39.1144153144,38.5483957144,38.6665215439,4785900,0.0,1.0
217,2020-01-21T00:00:00.000Z,39.1,39.38,38.84,39.0,4104800,38.4893327996,38.7649597353,38.2333935022,38.3908946083,4104800,0.0,1.0
218,2020-01-22T00:00:00.000Z,39.09,39.31,38.855,39.15,3920900,38.4794889805,38.6960530013,38.2481592309,38.5385518953,3920900,0.0,1.0
219,2020-01-23T00:00:00.000Z,37.49,39.02,37.34,38.77,5845500,36.9044779196,38.4105822466,36.7568206327,38.1644867683,5845500,0.0,1.0
220,2020-01-24T00:00:00.000Z,36.61,37.46,36.18,37.3,9289700,36.0382218362,36.8749464622,35.6149376135,36.7174453561,9289700,0.0,1.0
221,2020-01-27T00:00:00.000Z,36.88,37.015,36.19,36.44,9909300,36.3040049527,36.4368965109,35.6247814327,35.8708769109,9909300,0.0,1.0
222,2020-01-28T00:00:00.000Z,37.14,37.43,36.75,37.35,3268100,36.5599442501,36.8454150048,36.176035304,36.7666644518,3268100,0.0,1.0
223,2020-01-29T00:00:00.000Z,36.58,37.22,36.425,36.95,2596000,36.0086903788,36.6386948031,35.8561111822,36.3729116866,2596000,0.0,1.0
224,2020-01-30T00:00:00.000Z,37.03,37.07,36.05,36.17,2956940,36.4516622396,36.4910375161,35.4869679649,35.6050937944,2956940,0.0,1.0
225,2020-01-31T00:00:00.000Z,37.08,37.2,36.47,37.0,5283900,36.5008813353,36.6190071648,35.9004083683,36.4221307822,5283900,0.0,1.0
226,2020-02-03T00:00:00.000Z,37.59,37.99,37.11,37.3,3371400,37.0029161109,37.3966688761,36.5304127927,36.7174453561,3371400,0.0,1.0
227,2020-02-04T00:00:00.000Z,38.03,38.31,37.75,37.96,3331000,37.4360441527,37.7116710883,37.160417217,37.3671374187,3331000,0.0,1.0
228,2020-02-05T00:00:00.000Z,38.67,38.98,38.12,38.54,6335000,38.066048577,38.37120697,37.5246385248,37.9380789283,6335000,0.0,1.0
229,2020-02-06T00:00:00.000Z,37.11,39.42,36.73,39.1,9336400,36.5304127927,38.8043350118,36.1563476657,38.4893327996,9336400,0.0,1.0
230,2020-02-07T00:00:00.000Z,37.0,37.07,36.48,36.98,3634300,36.4221307822,36.4910375161,35.9102521875,36.402443144,3634300,0.0,1.0
231,2020-02-10T00:00:00.000Z,37.3,37.41,36.72,36.87,3212900,36.7174453561,36.8257273666,36.1465038466,36.2941611335,3212900,0.0,1.0
232,2020-02-11T00:00:00.000Z,37.13,37.439,36.66,37.23,2550300,36.5501004309,36.8542744421,36.0874409318,36.6485386222,2550300,0.0,1.0
233,2020-02-12T00:00:00.000Z,37.67,37.7,37.23,37.33,3303300,37.081666664,37.1111981214,36.6485386222,36.7469768135,3303300,0.0,1.0
234,2020-02-13T00:00:00.000Z,38.0,38.275,37.46,37.53,2034800,37.4065126953,37.6772177214,36.8749464622,36.9438531961,2034800,0.0,1.0
235,2020-02-14T00:00:00.000Z,37.8,38.11,37.48,38.08,2349600,37.2096363127,37.5147947057,36.8946341005,37.4852632483,2349600,0.0,1.0
236,2020-02-18T00:00:00.000Z,37.78,37.99,37.45,37.76,2065400,37.1899486744,37.3966688761,36.8651026431,37.1702610361,2065400,0.0,1.0
237,2020-02-19T00:00:00.000Z,38.03,38.28,37.6,37.93,1839300,37.4360441527,37.6821396309,37.0127599301,37.3376059614,1839300,0.0,1.0
238,2020-02-20T00:00:00.000Z,37.03,37.9,36.33,37.7,5305700,36.4516622396,37.308074504,35.7625949005,37.1111981214,5305700,0.0,1.0
239,2020-02-21T00:00:00.000Z,35.99,37.6,35.75,36.71,5024200,35.4279050501,37.0127599301,35.1916533909,36.1366600275,5024200,0.0,1.0
240,2020-02-24T00:00:00.000Z,34.69,35.65,34.48,35.65,5577600,34.1482085631,35.0932151996,33.9414883614,35.0932151996,5577600,0.0,1.0
241,2020-02-25T00:00:00.000Z,33.21,35.0,33.025,34.81,5241300,32.6913233318,34.4533669562,32.5092126779,34.2663343927,5241300,0.0,1.0
242,2020-02-26T00:00:00.000Z,32.79,33.77,32.4,33.56,5632300,32.2778829284,33.2425772031,31.8939739823,33.0358570014,5632300,0.0,1.0
243,2020-02-27T00:00:00.000Z,31.34,32.89,31.33,32.23,7439900,30.8505291545,32.3763211197,30.8406853353,31.7266290571,7439900,0.0,1.0
244,2020-02-28T00:00:00.000Z,30.74,31.68,30.16,30.25,7567100,30.2599000066,31.1852190049,29.6889584971,29.7775528693,7567100,0.0,1.0
245,2020-03-02T00:00:00.000Z,32.11,32.14,30.35,30.73,7503700,31.6085032275,31.6380346849,29.8759910606,30.2500561875,7503700,0.0,1.0
246,2020-03-03T00:00:00.000Z,30.99,32.63,30.66,31.42,4869200,30.7324033249,32.3587712324,30.4051463679,31.1588290567,4869200,0.23,1.0
247,2020-03-04T00:00:00.000Z,30.93,31.57,30.42,31.32,4338400,30.67290206,31.307582219,30.1671413083,31.0596602819,4338400,0.0,1.0
248,2020-03-05T00:00:00.000Z,29.44,30.39,29.18,30.16,5392200,29.1952873148,30.1373906758,28.9374485002,29.9093024937,5392200,0.0,1.0
249,2020-03-06T00:00:00.000Z,28.84,29.09,28.16,28.25,8403600,28.6002746657,28.8481966028,27.9259269967,28.0151788941,8403600,0.0,1.0
250,2020-03-09T00:00:00.000Z,27.48,27.99,25.04,26.93,6988900,27.2515793278,27.7573400795,24.8318612215,26.7061510661,6988900,0.0,1.0
251,2020-03-10T00:00:00.000Z,29.11,29.26,27.0,28.27,4608400,28.8680303578,29.0167835201,26.7755692085,28.0350126491,4608400,0.0,1.0
252,2020-03-11T00:00:00.000Z,27.78,28.66,27.52,28.21,5364500,27.5490856523,28.421770871,27.2912468377,27.9755113842,5364500,0.0,1.0
253,2020-03-12T00:00:00.000Z,26.22,27.1,24.87,26.76,7766100,26.0020527647,26.8747379834,24.6632743043,26.5375641489,7766100,0.0,1.0
254,2020-03-13T00:00:00.000Z,26.15,28.64,24.6,27.56,6759900,25.9326346223,28.401937116,24.3955186122,27.3309143477,6759900,0.0,1.0
255,2020-03-16T00:00:00.000Z,24.01,24.97,23.123,23.81,9605600,23.8104228406,24.7624430791,22.9307958077,23.6120852909,9605600,0.0,1.0
256,2020-03-17T00:00:00.000Z,25.14,25.58,22.92,24.37,7751200,24.9310299964,25.3673726057,22.7294831948,24.1674304301,7751200,0.0,1.0
257,2020-03-18T00:00:00.000Z,22.34,24.7,21.84,23.72,7119000,22.1543043007,24.4946873871,21.6584604265,23.5228333936,7119000,0.0,1.0
258,2020-03-19T00:00:00.000Z,22.82,23.9,20.78,22.29,6085400,22.6303144199,23.7013371883,20.6072714131,22.1047199133,6085400,0.0,1.0
259,2020-03-20T00:00:00.000Z,20.99,23.6,20.85,23.17,8498700,20.8155258403,23.4038308638,20.6766895555,22.9774051319,8498700,0.0,1.0
260,2020-03-23T00:00:00.000Z,20.2,21.34,19.81,21.13,8091700,20.032092519,21.1626165522,19.6453342971,20.954362125,8091700,0.0,1.0
261,2020-03-24T00:00:00.000Z,22.29,22.35,20.55,21.12,6343500,22.1047199133,22.1642211782,20.3791832309,20.9444452476,6343500,0.0,1.0
262,2020-03-25T00:00:00.000Z,24.14,25.42,21.98,22.36,7525500,23.9393422479,25.208702566,21.7972967112,22.1741380557,7525500,0.0,1.0
263,2020-03-26T00:00:00.000Z,24.97,25.55,24.15,24.2,5185800,24.7624430791,25.3376219733,23.9492591254,23.9988435128,5185800,0.0,1.0
264,2020-03-27T00:00:00.000Z,22.51,24.26,22.33,24.16,6134500,22.3228912179,24.0583447777,22.1443874232,23.9591760029,6134500,0.0,1.0
265,2020-03-30T00:00:00.000Z,24.31,24.47,22.0,22.3,5909900,24.1079291652,24.2665992049,21.8171304662,22.1146367907,5909900,0.0,1.0
266,2020-03-31T00:00:00.000Z,23.63,24.82,23.45,24.69,5594100,23.4335814962,24.6136899169,23.2550777015,24.4847705096,5594100,0.0,1.0
267,2020-04-01T00:00:00.000Z,22.34,22.78,21.95,22.67,4556100,22.1543043007,22.59064691,21.7675460788,22.4815612577,4556100,0.0,1.0
268,2020-04-02T00:00:00.000Z,22.67,23.5,22.005,22.49,4944600,22.4815612577,23.3046620889,21.822088905,22.303057463,4944600,0.0,1.0
269,2020-04-03T00:00:00.000Z,22.3,22.73,21.81,22.51,4296100,22.1146367907,22.5410625226,21.628709794,22.3228912179,4296100,0.0,1.0
270,2020-04-06T00:00:00.000Z,25.06,25.259,23.32,23.42,4453800,24.8516949765,25.0490408385,23.1261582942,23.225327069,4453800,0.0,1.0
271,2020-04-07T00:00:00.000Z,25.49,27.11,25.39,26.21,4559900,25.2781207083,26.8846548609,25.1789519335,25.9921358872,4559900,0.0,1.0
272,2020-04-08T00:00:00.000Z,26.3,26.57,25.51,25.94,4832200,26.0813877846,26.3491434767,25.2979544633,25.7243801952,4832200,0.0,1.0
273,2020-04-09T00:00:00.000Z,25.99,27.08,25.6,26.54,5180200,25.7739645826,26.8549042284,25.3872063607,26.3193928442,5180200,0.0,1.0
274,2020-04-13T00:00:00.000Z,25.99,26.11,24.94,25.83,3468400,25.7739645826,25.8929671124,24.7326924467,25.6152945428,3468400,0.0,1.0
275,2020-04-14T00:00:00.000Z,26.51,26.66,25.91,26.34,2735400,26.2896422118,26.4383953741,25.6946295627,26.1210552945,2735400,0.0,1.0
276,2020-04-15T00:00:00.000Z,25.7,25.87,24.96,25.77,2454600,25.4863751355,25.6549620528,24.7525262017,25.5557932779,2454600,0.0,1.0
277,2020-04-16T00:00:00.000Z,25.54,25.946,24.85,25.64,2594500,25.3277050958,25.7303303216,24.6434405493,25.4268738706,2594500,0.0,1.0
278,2020-04-17T00:00:00.000Z,26.875,26.955,25.97,26.195,4006900,26.65160824,26.7309432598,25.7541308276,25.977260571,4006900,0.0,1.0
279,2020-04-20T00:00:00.000Z,26.06,26.78,25.98,26.17,2551500,25.843382725,26.5573979039,25.7640477051,25.9524683773,2551500,0.0,1.0
280,2020-04-21T00:00:00.000Z,25.54,25.9,25.15,25.38,3155400,25.3277050958,25.6847126852,24.9409468739,25.169035056,3155400,0.0,1.0
281,2020-04-22T00:00:00.000Z,24.77,26.39,24.71,26.05,3965300,24.5641055295,26.170639682,24.5046042645,25.8334658475,3965300,0.0,1.0
282,2020-04-23T00:00:00.000Z,24.86,25.435,23.92,24.88,4201900,24.6533574268,25.2235778822,23.7211709433,24.6731911818,4201900,0.0,1.0
283,2020-04-24T00:00:00.000Z,24.835,25.01,24.36,24.9,4955100,24.6285652331,24.8021105891,24.1575135526,24.6930249368,4955100,0.0,1.0
284,2020-04-27T00:00:00.000Z,26.39,26.68,25.01,25.21,3912900,26.170639682,26.458229129,24.8021105891,25.0004481388,3912900,0.0,1.0
285,2020-04-28T00:00:00.000Z,27.14,28.06,26.71,26.99,5663000,26.9144054933,27.8267582219,26.4879797615,26.765652331,5663000,0.0,1.0
286,2020-04-29T00:00:00.000Z,28.37,28.62,27.955,28.02,5137900,28.1341814239,28.382103361,27.7226310083,27.787090712,5137900,0.0,1.0
287,2020-04-30T00:00:00.000Z,25.87,27.88,25.4,27.56,6059700,25.6549620528,27.6482544272,25.188868811,27.3309143477,6059700,0.0,1.0
288,2020-05-01T00:00:00.000Z,25.43,25.82,24.975,25.43,2782600,25.2186194434,25.6053776653,24.7674015179,25.2186194434,2782600,0.0,1.0
289,2020-05-04T00:00:00.000Z,24.995,25.42,24.556,25.32,4232500,24.7872352729,25.208702566,24.3518843513,25.1095337911,4232500,0.0,1.0
290,2020-05-05T00:00:00.000Z,24.1,25.36,23.89,25.04,4870400,23.899674738,25.149201301,23.6914203108,24.8318612215,4870400,0.0,1.0
291,2020-05-06T00:00:00.000Z,24.81,25.005,23.57,24.3,5374500,24.6037730394,24.7971521503,23.3740802313,24.0980122877,5374500,0.0,1.0
292,2020-05-07T00:00:00.000Z,25.25,27.08,25.21,26.46,8125000,25.0401156487,26.8549042284,25.0004481388,26.2400578244,8125000,0.0,1.0
293,2020-05-08T00:00:00.000Z,26.0,26.3,25.63,25.97,6613700,25.7838814601,26.0813877846,25.4169569931,25.7541308276,6613700,0.0,1.0
294,2020-05-11T00:00:00.000Z,25.67,26.06,25.04,25.54,4509100,25.4566245031,25.843382725,24.8318612215,25.3277050958,4509100,0.0,1.0
295,2020-05-12T00:00:00.000Z,25.355,26.08,25.175,25.81,3936100,25.1442428623,25.8632164799,24.9657390676,25.5954607879,3936100,0.0,1.0
296,2020-05-13T00:00:00.000Z,24.52,25.22,23.735,25.22,4540500,24.3161835923,25.0103650163,23.5377087098,25.0103650163,4540500,0.0,1.0
297,2020-05-14T00:00:00.000Z,25.77,25.83,23.77,24.12,4823700,25.5557932779,25.6152945428,23.572417781,23.919508493,4823700,0.0,1.0
298,2020-05-15T00:00:00.000Z,26.06,26.19,25.235,25.52,3136000,25.843382725,25.9723021323,25.0252403325,25.3078713408,3136000,0.0,1.0
299,2020-05-18T00:00:00.000Z,27.47,27.635,26.625,26.99,4533300,27.2416624503,27.4052909288,26.4036863029,26.765652331,4533300,0.0,1.0
300,2020-05-19T00:00:00.000Z,27.57,28.13,27.0,27.49,4340300,27.3408312252,27.8961763643,26.7755692085,27.2614962053,4340300,0.0,1.0
301,2020-05-20T00:00:00.000Z,27.81,28.43,27.63,27.88,3226800,27.5788362848,28.1936826888,27.4003324901,27.6482544272,3226800,0.0,1.0
302,2020-05-21T00:00:00.000Z,27.62,28.065,27.56,27.61,2945500,27.3904156126,27.8317166606,27.3309143477,27.3804987351,2945500,0.0,1.0
303,2020-05-22T00:00:00.000Z,27.8,27.965,27.47,27.53,2656900,27.5689194073,27.7325478858,27.2416624503,27.3011637152,2656900,0.0,1.0
304,2020-05-26T00:00:00.000Z,29.03,29.25,28.48,28.74,4499700,28.7886953379,29.0068666426,28.2432670763,28.5011058909,4499700,0.0,1.0
305,2020-05-27T00:00:00.000Z,29.65,30.16,29.04,29.68,5280600,29.403541742,29.9093024937,28.7986122154,29.4332923744,5280600,0.0,1.0
306,2020-05-28T00:00:00.000Z,28.93,29.94,28.86,29.61,3400400,28.6895265631,29.691131189,28.6201084207,29.363874232,3400400,0.0,1.0
307,2020-05-29T00:00:00.000Z,29.17,29.21,28.36,28.77,4180800,28.9275316227,28.9671991326,28.1242645464,28.5308565233,4180800,0.0,1.0
308,2020-06-01T00:00:00.000Z,29.54,29.755,29.07,29.13,2467000,29.2944560896,29.5076689555,28.8283628478,28.8878641128,2467000,0.0,1.0
309,2020-06-02T00:00:00.000Z,29.3,29.757,29.07,29.63,3560200,29.05645103,29.509652331,28.8283628478,29.383707987,3560200,0.0,1.0
310,2020-06-03T00:00:00.000Z,30.77,31.185,29.45,29.81,5762700,30.5142320202,30.9257824359,29.2052041923,29.5622117817,5762700,0.0,1.0
311,2020-06-04T00:00:00.000Z,30.53,31.05,30.08,30.57,3668300,30.2762269606,30.7919045898,29.8299674738,30.3158944705,3668300,0.0,1.0
312,2020-06-05T00:00:00.000Z,30.85,32.35,30.535,31.92,5592600,30.5935670401,32.0810986628,30.2811853993,31.654672931,5592600,0.0,1.0
313,2020-06-08T00:00:00.000Z,32.48,32.785,31.03,31.03,5503500,32.2100180701,32.5124828334,30.7720708348,30.7720708348,5503500,0.0,1.0
314,2020-06-09T00:00:00.000Z,30.81,32.12,30.75,31.72,4999100,30.5538995302,31.8530104807,30.4943982653,31.4563353813,4999100,0.0,1.0
315,2020-06-10T00:00:00.000Z,30.14,30.82,29.53,30.7,4328100,29.8894687387,30.5638164077,29.2845392121,30.4448138778,4328100,0.0,1.0
316,2020-06-11T00:00:00.000Z,28.06,29.45,27.91,29.36,5890600,27.8267582219,29.2052041923,27.6780050596,29.1159522949,5890600,0.0,1.0
317,2020-06-12T00:00:00.000Z,28.29,29.03,27.66,28.9,4221100,28.054846404,28.7886953379,27.4300831225,28.6597759306,4221100,0.0,1.0
318,2020-06-15T00:00:00.000Z,29.29,29.745,27.11,27.36,4892900,29.0465341525,29.4977520781,26.8846548609,27.132576798,4892900,0.0,1.0
319,2020-06-16T00:00:00.000Z,28.31,30.47,27.97,30.15,4684400,28.074680159,30.2167256957,27.7375063245,29.8993856162,4684400,0.0,1.0
320,2020-06-17T00:00:00.000Z,28.07,28.52,27.81,28.28,5167600,27.8366750994,28.2829345862,27.5788362848,28.0449295266,5167600,0.0,1.0
321,2020-06-18T00:00:00.000Z,29.0,29.04,27.72,28.03,5025900,28.7589447055,28.7986122154,27.4895843874,27.7970075894,5025900,0.0,1.0
322,2020-06-19T00:00:00.000Z,28.32,30.15,28.21,30.15,7580100,28.0845970365,29.8993856162,27.9755113842,29.8993856162,7580100,0.0,1.0
323,2020-06-22T00:00:00.000Z,28.11,28.21,27.58,28.04,5569000,27.8763426093,27.9755113842,27.3507481026,27.8069244669,5569000,0.0,1.0
324,2020-06-23T00:00:00.000Z,28.26,28.855,28.18,28.47,5512500,28.0250957716,28.6151499819,27.9457607517,28.2333501988,5512500,0.0,1.0
325,2020-06-24T00:00:00.000Z,27.38,28.079,26.9,27.95,5106400,27.1524105529,27.8456002891,26.6764004337,27.7176725696,5106400,0.0,1.0
326,2020-06-25T00:00:00.000Z,26.93,27.105,26.42,26.99,5782100,26.7061510661,26.8796964221,26.2003903144,26.765652331,5782100,0.0,1.0
327,2020-06-26T00:00:00.000Z,25.7,26.74,25.47,26.68,7361000,25.4863751355,26.5177303939,25.2582869534,26.458229129,7361000,0.0,1.0
328,2020-06-29T00:00:00.000Z,26.9,26.93,25.73,25.87,4638041,26.6764004337,26.7061510661,25.516125768,25.6549620528,4638041,0.0,1.0
329,2020-06-30T00:00:00.000Z,26.82,27.0,26.475,26.8,3837900,26.5970654138,26.7755692085,26.2549331406,26.5772316588,3837900,0.0,1.0
330,2020-07-01T00:00:00.000Z,26.93,27.35,26.48,26.92,3724500,26.7061510661,27.1226599205,26.2598915793,26.6962341887,3724500,0.0,1.0
331,2020-07-02T00:00:00.000Z,26.56,27.73,26.47,27.63,3614200,26.3392265992,27.4995012649,26.2499747018,27.4003324901,3614200,0.0,1.0
332,2020-07-06T00:00:00.000Z,26.5,27.29,26.12,27.01,5096700,26.2797253343,27.0631586556,25.9028839899,26.785486086,5096700,0.0,1.0
333,2020-07-07T00:00:00.000Z,25.69,26.38,25.63,26.24,3815000,25.476458258,26.1607228045,25.4169569931,26.0218865197,3815000,0.0,1.0
334,2020-07-08T00:00:00.000Z,25.3,25.67,24.995,25.58,4276500,25.0897000361,25.4566245031,24.7872352729,25.3673726057,4276500,0.0,1.0
335,2020-07-09T00:00:00.000Z,24.37,25.42,23.93,25.28,5923700,24.1674304301,25.208702566,23.7310878207,25.0698662812,5923700,0.0,1.0
336,2020-07-10T00:00:00.000Z,25.32,25.385,24.21,24.43,3359700,25.1095337911,25.1739934948,24.0087603903,24.226931695,3359700,0.0,1.0
337,2020-07-13T00:00:00.000Z,24.96,25.535,24.34,25.11,5806900,24.7525262017,25.322746657,24.1376797976,24.9012793639,5806900,0.0,1.0
338,2020-07-14T00:00:00.000Z,25.03,25.425,24.48,24.78,3664900,24.8219443441,25.2136610047,24.2765160824,24.5740224069,3664900,0.0,1.0
339,2020-07-15T00:00:00.000Z,26.06,26.18,25.33,25.33,5356100,25.843382725,25.9623852548,25.1194506686,25.1194506686,5356100,0.0,1.0
340,2020-07-16T00:00:00.000Z,26.17,26.37,25.77,25.87,2200500,25.9524683773,26.150805927,25.5557932779,25.6549620528,2200500,0.0,1.0
341,2020-07-17T00:00:00.000Z,25.28,26.36,25.01,26.18,5080000,25.0698662812,26.1408890495,24.8021105891,25.9623852548,5080000,0.0,1.0
342,2020-07-20T00:00:00.000Z,24.76,25.39,24.295,25.14,3842300,24.554188652,25.1789519335,24.0930538489,24.9310299964,3842300,0.0,1.0
343,2020-07-21T00:00:00.000Z,25.4,25.67,24.81,24.92,4913000,25.188868811,25.4566245031,24.6037730394,24.7128586917,4913000,0.0,1.0
344,2020-07-22T00:00:00.000Z,25.91,25.95,25.22,25.47,2859670,25.6946295627,25.7342970726,25.0103650163,25.2582869534,2859670,0.0,1.0
345,2020-07-23T00:00:00.000Z,26.24,26.53,25.945,26.07,4029778,26.0218865197,26.3094759668,25.7293386339,25.8532996025,4029778,0.0,1.0
346,2020-07-24T00:00:00.000Z,26.66,27.38,26.32,26.42,4132964,26.4383953741,27.1524105529,26.1012215396,26.2003903144,4132964,0.0,1.0
347,2020-07-27T00:00:00.000Z,25.72,26.76,25.41,26.58,4550910,25.5062088905,26.5375641489,25.1987856885,26.3590603542,4550910,0.0,1.0
348,2020-07-28T00:00:00.000Z,25.74,26.185,25.453,25.54,2593866,25.5260426455,25.9673436935,25.2414282617,25.3277050958,2593866,0.0,1.0
349,2020-07-29T00:00:00.000Z,25.86,26.05,25.41,25.87,2170135,25.6450451753,25.8334658475,25.1987856885,25.6549620528,2170135,0.0,1.0
350,2020-07-30T00:00:00.000Z,25.82,26.0,25.26,25.5,3669739,25.6053776653,25.7838814601,25.0500325262,25.2880375858,3669739,0.0,1.0
351,2020-07-31T00:00:00.000Z,25.77,25.84,25.17,25.84,3924938,25.5557932779,25.6252114203,24.9607806288,25.6252114203,3924938,0.0,1.0
352,2020-08-03T00:00:00.000Z,26.36,26.42,25.43,25.77,3826146,26.1408890495,26.2003903144,25.2186194434,25.5557932779,3826146,0.0,1.0
353,2020-08-04T00:00:00.000Z,26.67,27.2,26.18,26.31,5462522,26.4483122515,26.9739067582,25.9623852548,26.0913046621,5462522,0.0,1.0
354,2020-08-05T00:00:00.000Z,24.725,25.71,24.22,25.36,7628214,24.5194795808,25.496292013,24.0186772678,25.149201301,7628214,0.0,1.0
355,2020-08-06T00:00:00.000Z,24.99,25.32,24.64,24.9,5962298,24.7822768341,25.1095337911,24.4351861222,24.6930249368,5962298,0.0,1.0
356,2020-08-07T00:00:00.000Z,24.67,25.1,24.27,24.87,7072617,24.4649367546,24.8913624864,24.0682616552,24.6632743043,7072617,0.0,1.0
357,2020-08-10T00:00:00.000Z,24.4,24.86,24.175,24.61,9867539,24.1971810625,24.6533574268,23.9740513191,24.4054354897,9867539,0.0,1.0
358,2020-08-11T00:00:00.000Z,24.66,25.495,24.59,24.78,7978998,24.4550198771,25.2830791471,24.3856017347,24.5740224069,7978998,0.0,1.0
359,2020-08-12T00:00:00.000Z,24.92,25.14,24.6,24.95,4732661,24.7128586917,24.9310299964,24.3955186122,24.7426093242,4732661,0.0,1.0
360,2020-08-13T00:00:00.000Z,25.57,25.61,24.73,24.84,6538863,25.3574557282,25.3971232382,24.5244380195,24.6335236718,6538863,0.0,1.0
361,2020-08-14T00:00:00.000Z,25.74,26.045,25.21,25.59,3036085,25.5260426455,25.8285074087,25.0004481388,25.3772894832,3036085,0.0,1.0
362,2020-08-17T00:00:00.000Z,25.56,25.93,25.175,25.89,3092185,25.3475388507,25.7144633177,24.9657390676,25.6747958077,3092185,0.0,1.0
363,2020-08-18T00:00:00.000Z,25.635,25.8,25.45,25.57,2673601,25.4219154319,25.5855439104,25.2384531984,25.3574557282,2673601,0.0,1.0
364,2020-08-19T00:00:00.000Z,25.85,26.15,25.59,25.6,3437623,25.6351282978,25.9326346223,25.3772894832,25.3872063607,3437623,0.0,1.0
365,2020-08-20T00:00:00.000Z,25.89,26.02,25.51,25.71,4718990,25.6747958077,25.803715215,25.2979544633,25.496292013,4718990,0.0,1.0
366,2020-08-21T00:00:00.000Z,26.0,26.05,25.57,25.82,3016589,25.7838814601,25.8334658475,25.3574557282,25.6053776653,3016589,0.0,1.0
367,2020-08-24T00:00:00.000Z,26.98,27.14,26.0,26.08,3620843,26.7557354536,26.9144054933,25.7838814601,25.8632164799,3620843,0.0,1.0
368,2020-08-25T00:00:00.000Z,26.9,27.23,26.41,26.95,4075310,26.6764004337,27.0036573907,26.1904734369,26.7259848211,4075310,0.0,1.0
369,2020-08-26T00:00:00.000Z,27.15,27.295,26.62,26.79,4463617,26.9243223708,27.0681170943,26.3987278641,26.5673147814,4463617,0.0,1.0
370,2020-08-27T00:00:00.000Z,27.57,27.815,27.29,27.4,3601169,27.3408312252,27.5837947235,27.0631586556,27.1722443079,3601169,0.0,1.0
371,2020-08-28T00:00:00.000Z,27.815,27.83,27.41,27.6,3859666,27.5837947235,27.5986700398,27.1821611854,27.3705818576,3859666,0.0,1.0
372,2020-08-31T00:00:00.000Z,27.86,28.41,27.65,28.0,5925342,27.6284206722,28.1738489339,27.420166245,27.767256957,5925342,0.0,1.0
373,2020-09-01T00:00:00.000Z,27.44,27.58,26.8,26.8,4016455,27.44,27.58,26.8,26.8,4016455,0.23,1.0
374,2020-09-02T00:00:00.000Z,27.88,28.1,27.47,27.48,3517361,27.88,28.1,27.47,27.48,3517361,0.0,1.0
375,2020-09-03T00:00:00.000Z,27.35,28.62,27.21,28.07,6258212,27.35,28.62,27.21,28.07,6258212,0.0,1.0
376,2020-09-04T00:00:00.000Z,27.66,27.97,27.22,27.88,4928746,27.66,27.97,27.22,27.88,4928746,0.0,1.0
377,2020-09-08T00:00:00.000Z,27.69,28.29,27.45,27.53,4941618,27.69,28.29,27.45,27.53,4941618,0.0,1.0
378,2020-09-09T00:00:00.000Z,28.2,28.43,27.38,27.75,4781100,28.2,28.43,27.38,27.75,4781100,0.0,1.0
379,2020-09-10T00:00:00.000Z,28.19,28.745,28.01,28.27,4424450,28.19,28.745,28.01,28.27,4424450,0.0,1.0
380,2020-09-11T00:00:00.000Z,28.14,28.64,27.64,28.32,4736215,28.14,28.64,27.64,28.32,4736215,0.0,1.0
381,2020-09-14T00:00:00.000Z,28.66,29.295,28.22,28.29,5798176,28.66,29.295,28.22,28.29,5798176,0.0,1.0
382,2020-09-15T00:00:00.000Z,28.61,28.995,28.365,28.73,3350905,28.61,28.995,28.365,28.73,3350905,0.0,1.0
383,2020-09-16T00:00:00.000Z,29.34,29.92,28.75,28.86,5352262,29.34,29.92,28.75,28.86,5352262,0.0,1.0
384,2020-09-17T00:00:00.000Z,28.63,29.25,28.38,28.7,4241253,28.63,29.25,28.38,28.7,4241253,0.0,1.0
385,2020-09-18T00:00:00.000Z,27.96,28.66,27.59,28.65,6768132,27.96,28.66,27.59,28.65,6768132,0.0,1.0
386,2020-09-21T00:00:00.000Z,26.78,27.67,26.44,27.53,4797721,26.78,27.67,26.44,27.53,4797721,0.0,1.0
387,2020-09-22T00:00:00.000Z,26.77,27.12,26.555,26.85,4320952,26.77,27.12,26.555,26.85,4320952,0.0,1.0
388,2020-09-23T00:00:00.000Z,25.91,26.97,25.86,26.59,3726141,25.91,26.97,25.86,26.59,3726141,0.0,1.0
389,2020-09-24T00:00:00.000Z,26.2,26.43,25.57,25.97,2443227,26.2,26.43,25.57,25.97,2443227,0.0,1.0
390,2020-09-25T00:00:00.000Z,26.7,26.845,25.92,25.98,3348544,26.7,26.845,25.92,25.98,3348544,0.0,1.0
391,2020-09-28T00:00:00.000Z,27.84,27.86,27.07,27.09,3112839,27.84,27.86,27.07,27.09,3112839,0.0,1.0
392,2020-09-29T00:00:00.000Z,27.77,27.97,27.12,27.71,3335291,27.77,27.97,27.12,27.71,3335291,0.0,1.0
393,2020-09-30T00:00:00.000Z,27.83,28.52,27.5,27.99,4539292,27.83,28.52,27.5,27.99,4539292,0.0,1.0
394,2020-10-01T00:00:00.000Z,28.02,28.22,27.505,27.96,3437657,28.02,28.22,27.505,27.96,3437657,0.0,1.0
395,2020-10-02T00:00:00.000Z,28.08,28.36,26.915,27.68,4330875,28.08,28.36,26.915,27.68,4330875,0.0,1.0
396,2020-10-05T00:00:00.000Z,28.71,28.78,28.02,28.23,2589565,28.71,28.78,28.02,28.23,2589565,0.0,1.0
397,2020-10-06T00:00:00.000Z,27.92,29.06,27.81,28.78,3580634,27.92,29.06,27.81,28.78,3580634,0.0,1.0
398,2020-10-07T00:00:00.000Z,28.97,29.26,28.1,28.2,4490284,28.97,29.26,28.1,28.2,4490284,0.0,1.0
399,2020-10-08T00:00:00.000Z,29.56,29.57,28.915,29.25,2509674,29.56,29.57,28.915,29.25,2509674,0.0,1.0
400,2020-10-09T00:00:00.000Z,29.19,30.0,29.04,29.77,3239569,29.19,30.0,29.04,29.77,3239569,0.0,1.0
401,2020-10-12T00:00:00.000Z,28.94,29.52,28.825,29.44,3221164,28.94,29.52,28.825,29.44,3221164,0.0,1.0
402,2020-10-13T00:00:00.000Z,27.23,28.915,27.16,28.89,7187039,27.23,28.915,27.16,28.89,7187039,0.0,1.0
